FirstName;LastName;Email
James T.;Kirk;jtkirk@mmc.co.mars
John;König;jkonig@mmc.co.mars
Neil;Armstrong;narmstrong@mmc.co.mars
Jean-Luc;Picard;jlpicard@mmc.co.mars
Darth;Vader;dvader@mmc.co.mars
Han;Solo;hsolo@mmc.co.mars
Jim;Lovell;jlovell@mmc.co.mars
William;Adama;wadama@mmc.co.mars
Worker;One;wone@mmc.co.mars
Worker;Two;wtwo@mmc.co.mars
Worker;Three;wthree@mmc.co.mars
